{
    "accuracy": [
        3.814995288848877,
        4.926106929779053
    ],
    "loss": [
        6.372144693615793,
        5.702371013575587
    ]
}