{
    "accuracy": [
        3.6015310287475586,
        4.735903739929199
    ],
    "loss": [
        6.32356167935777,
        5.616353813259081
    ]
}