{
    "accuracy": [
        3.7958383560180664,
        4.827584266662598,
        5.998907089233398
    ],
    "loss": [
        6.350976291744188,
        5.64895592064693,
        5.468061455364885
    ]
}