{
    "accuracy": [
        91.79103088378906,
        86.42857360839844,
        93.0952377319336,
        96.66667938232422,
        95.00000762939453,
        95.71428680419922,
        97.14286041259766,
        97.38097381591797,
        98.33333587646484,
        98.33334350585938,
        98.57142639160156,
        98.57144165039062,
        98.5714340209961,
        98.57144165039062,
        99.04762268066406,
        98.80952453613281,
        98.80953216552734,
        99.28571319580078,
        99.28571319580078,
        98.80953216552734,
        98.80953216552734,
        98.09524536132812,
        98.57142639160156,
        98.80953216552734,
        98.57144165039062
    ],
    "loss": [
        0.26615526272095186,
        0.5597909561225346,
        0.2582687437534332,
        0.1747606966112341,
        0.15970796133790696,
        0.1380602206502642,
        0.11624990004513945,
        0.10335284657776356,
        0.09203996003738471,
        0.08482163053538118,
        0.08290742923106466,
        0.0766740795224905,
        0.07146876943962914,
        0.06884115282446146,
        0.0676274040181722,
        0.060799755555178435,
        0.058786427336079736,
        0.056803191413304636,
        0.05858301371335983,
        0.050798584041850905,
        0.052297363856009076,
        0.05401341696935041,
        0.05475686364141958,
        0.04680019537253039,
        0.04902589813406978
    ]
}