{
    "accuracy": [
        13.4920654296875,
        31.643394470214844,
        48.38395690917969,
        58.94907760620117,
        66.59547424316406,
        71.65294647216797,
        75.79228973388672,
        79.43897247314453
    ],
    "loss": [
        5.3694397950994555,
        3.4527506691285934,
        2.555167059788759,
        1.9906117964064938,
        1.630762390706731,
        1.4066397280528629,
        1.2081971702904537,
        1.0695061327397137
    ]
}